{
  "controllers": {
    "fixed_feedback": {
      "I_max": 99.0,
      "I_min": 1.0,
      "L_max": 2.0,
      "L_mid": 1.1505149978319906,
      "L_min": 0.3010299956639812,
      "Lambda_max": 0.47712125471966244,
      "Lambda_mid": 0.3325424756987418,
      "Lambda_min": 0.1142873094756344,
      "alpha_max": 100.0,
      "alpha_min": 2.0
    },
    "repeated_dynamic_control": {
      "I_max": 1023.0,
      "I_min": 127.0,
      "L_max": 3.010299956639812,
      "L_mid": 2.55875496314384,
      "L_min": 2.1072099696478683,
      "Lambda_max": 0.6031768575681882,
      "Lambda_mid": 0.5512980858352305,
      "Lambda_min": 0.4923706016870089,
      "stages_max": 10,
      "stages_min": 7
    }
  },
  "demons": {
    "maxwell_single_entropy": {
      "L": 3145.5821277040855,
      "Lambda": 3.4978390715811107,
      "deltaS_J_per_K": 1e-19,
      "deltaS_over_kB": 7242.97051603992
    },
    "velocity_1mm3_range": {
      "L_max": 2288522733739760.0,
      "L_mid": 1369452767757265.8,
      "L_min": 450382801774771.6,
      "Lambda_max": 15.359555230981668,
      "Lambda_mid": 15.136547058089707,
      "Lambda_min": 14.65358179827997
    },
    "velocity_selection_rows": [
      {
        "L_one_mm3": 2288522733739760.0,
        "L_one_mm3_1e14": 22.8852273373976,
        "L_sparse": 9.37919153172033,
        "Lambda_one_mm3": 15.359555230981668,
        "Lambda_sparse": 1.0161635262497255,
        "N_one_mm3_selected": 3189862385379150.0,
        "N_one_mm3_selected_1e14": 31.8986238537915,
        "N_sparse_selected": 13.073206497455534,
        "Q_one_mm3_excess_1e_minus_6_J": 21.826065645376616,
        "Q_one_mm3_excess_J": 2.1826065645376614e-05,
        "epsilon": 2.0,
        "phi": 1.6519578887917494,
        "q": 0.26146412994911067,
        "v_c_m_per_s": 596.9057849686433
      },
      {
        "L_one_mm3": 1546669913987393.0,
        "L_one_mm3_1e14": 15.46669913987393,
        "L_sparse": 6.338811122899153,
        "Lambda_one_mm3": 15.189397637661937,
        "Lambda_sparse": 0.8656257105176942,
        "N_one_mm3_selected": 1361644746155493.0,
        "N_one_mm3_selected_1e14": 13.61644746155493,
        "N_sparse_selected": 5.580511254735628,
        "Q_one_mm3_excess_1e_minus_6_J": 14.750877750404994,
        "Q_one_mm3_excess_J": 1.4750877750404994e-05,
        "epsilon": 3.0,
        "phi": 2.615468607200918,
        "q": 0.11161022509471255,
        "v_c_m_per_s": 731.0572988443165
      },
      {
        "L_one_mm3": 876014431213292.1,
        "L_one_mm3_1e14": 8.76014431213292,
        "L_sparse": 3.590223078743001,
        "Lambda_one_mm3": 14.942511260671136,
        "Lambda_sparse": 0.6618337921849545,
        "N_one_mm3_selected": 561342809408622.75,
        "N_one_mm3_selected_1e14": 5.613428094086228,
        "N_sparse_selected": 2.300585284461569,
        "Q_one_mm3_excess_1e_minus_6_J": 8.354712059475133,
        "Q_one_mm3_excess_J": 8.354712059475133e-06,
        "epsilon": 4.0,
        "phi": 3.5933439188156813,
        "q": 0.04601170568923137,
        "v_c_m_per_s": 844.1522565616137
      },
      {
        "L_one_mm3": 450382801774771.6,
        "L_one_mm3_1e14": 4.503828017747717,
        "L_sparse": 1.845831154814638,
        "Lambda_one_mm3": 14.65358179827997,
        "Lambda_sparse": 0.4542091295122948,
        "N_one_mm3_selected": 226506852649127.44,
        "N_one_mm3_selected_1e14": 2.2650685264912744,
        "N_sparse_selected": 0.9283067731521617,
        "Q_one_mm3_excess_1e_minus_6_J": 4.295384289681537,
        "Q_one_mm3_excess_J": 4.295384289681537e-06,
        "epsilon": 5.0,
        "phi": 4.578425391455707,
        "q": 0.018566135463043233,
        "v_c_m_per_s": 943.7909145158055
      }
    ],
    "velocity_sparse_range": {
      "L_max": 9.37919153172033,
      "L_mid": 5.612511343267484,
      "L_min": 1.845831154814638,
      "Lambda_max": 1.0161635262497255,
      "Lambda_mid": 0.8203664300435067,
      "Lambda_min": 0.4542091295122948
    }
  },
  "figure1_rows": [
    {
      "I": 0.0,
      "L": 0.0,
      "Lambda": 0.0,
      "key": "passive",
      "label": "Passive baseline\\n(rock)",
      "order": 1,
      "source": "passive_baseline"
    },
    {
      "I": 13.142135623730951,
      "L": 1.1505149978319906,
      "Lambda": 0.3325424756987418,
      "key": "fixed_feedback",
      "label": "Fixed-feedback\\ncontroller",
      "order": 2,
      "source": "fixed_feedback_midpoint"
    },
    {
      "I": 361.03867196751236,
      "L": 2.55875496314384,
      "Lambda": 0.5512980858352305,
      "key": "repeated_control",
      "label": "Repeated\\ncontrol",
      "order": 3,
      "source": "repeated_control_midpoint"
    },
    {
      "I": 409741.81168015266,
      "L": 5.612511343267484,
      "Lambda": 0.8203664300435067,
      "key": "sparse_velocity_demon",
      "label": "100-particle\\nvelocity demon",
      "order": 4,
      "source": "velocity_sparse_midpoint"
    },
    {
      "I": 62499999999998.88,
      "L": 13.795880017344075,
      "Lambda": 1.1701408008795915,
      "key": "gpt5_symbolic",
      "label": "GPT-5\\nsymbolic",
      "order": 5,
      "source": "gpt5_symbolic"
    },
    {
      "I": 499999999999999.0,
      "L": 14.698970004336019,
      "Lambda": 1.1958711596635576,
      "key": "human_symbolic",
      "label": "Human\\nsymbolic",
      "order": 6,
      "source": "human_symbolic"
    },
    {
      "I": NaN,
      "L": 3145.5821277040855,
      "Lambda": 3.4978390715811107,
      "key": "single_entropy_demon",
      "label": "Maxwell demon\\n$\\Delta S=10^{-19}$",
      "order": 7,
      "source": "maxwell_single_entropy"
    },
    {
      "I": Infinity,
      "L": 1369452767757265.8,
      "Lambda": 15.136547058089707,
      "key": "velocity_1mm3",
      "label": "Velocity demon\\n(1 mm$^3$ air)",
      "order": 8,
      "source": "velocity_1mm3_midpoint"
    }
  ],
  "inputs": {
    "controllers": {
      "fixed_feedback": {
        "alpha_max": 100.0,
        "alpha_min": 2.0
      },
      "repeated_dynamic_control": {
        "binary_stages_max": 10,
        "binary_stages_min": 7
      }
    },
    "demons": {
      "maxwell_single_entropy_reduction": {
        "deltaS_J_per_K": 1e-19
      },
      "physical_constants": {
        "T_K": 300.0,
        "kB_J_per_K": 1.380649e-23,
        "nitrogen_molecular_mass_kg": 4.65e-26
      },
      "velocity_selection": {
        "N_one_mm3_air": 2.44e+16,
        "N_sparse": 100.0,
        "epsilons": [
          2.0,
          3.0,
          4.0,
          5.0
        ],
        "one_shot_half_chamber_factor": 0.5
      }
    },
    "figure1": {
      "examples": [
        {
          "key": "passive",
          "label": "Passive baseline\\n(rock)",
          "source": "passive_baseline"
        },
        {
          "key": "fixed_feedback",
          "label": "Fixed-feedback\\ncontroller",
          "source": "fixed_feedback_midpoint"
        },
        {
          "key": "repeated_control",
          "label": "Repeated\\ncontrol",
          "source": "repeated_control_midpoint"
        },
        {
          "key": "sparse_velocity_demon",
          "label": "100-particle\\nvelocity demon",
          "source": "velocity_sparse_midpoint"
        },
        {
          "key": "gpt5_symbolic",
          "label": "GPT-5\\nsymbolic",
          "source": "gpt5_symbolic"
        },
        {
          "key": "human_symbolic",
          "label": "Human\\nsymbolic",
          "source": "human_symbolic"
        },
        {
          "key": "single_entropy_demon",
          "label": "Maxwell demon\\n$\\Delta S=10^{-19}$",
          "source": "maxwell_single_entropy"
        },
        {
          "key": "velocity_1mm3",
          "label": "Velocity demon\\n(1 mm$^3$ air)",
          "source": "velocity_1mm3_midpoint"
        }
      ]
    },
    "symbolic": {
      "nero_repository": "https://github.com/zeroknowledgediscovery/nero",
      "sensitivity": {
        "N_G_high": 100000000.0,